message,label
"Congratulations you won a free prize","spam"
"You have won 10000 rupees","spam"
"Claim your free gift now","spam"
"Win a free iPhone today","spam"
"Congratulations you are selected for a cash reward","spam"
"Click this link to claim your reward","spam"
"Free entry in a lucky draw","spam"
"You won a lottery prize","spam"
"Get your free coupon now","spam"
"Urgent! Claim your reward today","spam"
"Are you coming to college tomorrow","not spam"
"Hey bro what are you doing","not spam"
"Please send me the notes","not spam"
"Let's meet tomorrow","not spam"
"Can you call me later","not spam"
"What time is the class","not spam"
"Bro where are you","not spam"
"I will reach college at 10","not spam"
"Please bring my book","not spam"
"See you tomorrow","not spam"